AAPL,AMZN,GOOGL,MSFT,NVDA,Date
1.010314362035101,0.99207643547432,0.9883301669488225,0.9562567119216329,1.0303178796588073,2023-01-04
0.9996003898744408,0.9685388375921304,0.9672350717926519,0.9279155038794283,0.9965071665784221,2023-01-05
1.0363796713436448,1.0030296217333377,0.9800268446260321,0.9388513915252399,1.0380020597115827,2023-01-06
1.0406173020256555,1.0179445458052154,0.987656933941323,0.9479923364325533,1.0917218698202653,2023-01-09
1.0452549153721866,1.0471918325117644,0.9921452980291904,0.9552131894001579,1.111351762094823,2023-01-10
1.0673226332692938,1.1080167405736483,1.0269298388363146,0.9840971919065544,1.1177784178401742,2023-01-11
1.0666828596935072,1.1101141573275035,1.0225537378648453,0.995533741983429,1.1534054657956794,2023-01-12
1.0774764310121796,1.1433232707468723,1.0336625146021992,0.9985390290942031,1.180509917316757,2023-01-13
1.0869116010991886,1.1192030225275162,1.0243490834999922,1.0032139784898249,1.236604872868256,2023-01-17
1.081074660657365,1.112328121928784,1.0224415611711695,0.9842640793835752,1.2139017898448474,2023-01-18
1.0815546150188586,1.0915870500850815,1.0440977126411637,0.9680690377332385,1.1711491718741547,2023-01-19
1.1023427857643924,1.1331857416199116,1.0998650854880603,1.0026712496518526,1.2461756401773296,2023-01-20
1.1282484000382973,1.1363318223007146,1.1197260641683524,1.012522007752819,1.3407618152172536,2023-01-23
1.1396018974154367,1.1223491032083193,1.0962744806404887,1.0102679439804085,1.3457909766397793,2023-01-24
1.1342452838740678,1.1323700844878546,1.068447055409323,1.00429923928711,1.3498428880025304,2023-01-25
1.1510356148488567,1.1561407780648947,1.0942547816179902,1.0351448751303662,1.3833041439479974,2023-01-26
1.1667868104816073,1.191330671490734,1.1150135195385782,1.0358126875433293,1.4226335792879665,2023-01-27
1.1433599462749147,1.171638352473939,1.087746891353069,1.0130645397121316,1.3385960900505847,2023-01-30
1.153674059950708,1.2017012074125855,1.1090663398965912,1.0343517822637527,1.3647922738690483,2023-01-31
1.1627889707108625,1.2252388941947352,1.1269075331316625,1.0549712780286302,1.4630108512857352,2023-02-01
1.2058848986240769,1.315660732505444,1.208931684652819,1.104432709892995,1.516520973744793,2023-02-02
1.235308149947925,1.2047308291459233,1.1757180496707678,1.0783453687445412,1.4739782439538331,2023-02-03
1.2131607087131522,1.1906315622061028,1.1546228680918749,1.0717505899140898,1.4732099462666204,2023-02-06
1.2365078495821786,1.1898159050740458,1.2078095720251718,1.1167876332901334,1.548934794092677,2023-02-07
1.2146799225963378,1.1658122047021149,1.1150135195385784,1.113323225145447,1.5511699026767225,2023-02-08
1.2062846329292896,1.1447214893161366,1.0660905670376302,1.1003420963587156,1.5603910791641395,2023-02-09
1.2092471869272599,1.1373805751276231,1.0611533233296149,1.0981719685214644,1.485504447189627,2023-02-10
1.2319894487031855,1.159869509082865,1.061602289372485,1.132482012509407,1.5220395623176384,2023-02-13
1.2267843343393126,1.1617338301418696,1.062387871919105,1.1360296347008345,1.6046804261959962,2023-02-14
1.243840906491603,1.1787462598675624,1.0877468913530692,1.126949590925521,1.5902200664195818,2023-02-15
1.2308684789693682,1.1436728253891888,1.0717011301758672,1.0969471207546067,1.5369893492443718,2023-02-16
1.221579468334747,1.1326030912827458,1.0586848311096906,1.0798331151480276,1.4940972960052323,2023-02-17
1.1889880215064257,1.1020741338543585,1.0299593873700619,1.05727876154398,1.4428917992343353,2023-02-21
1.1924313991234654,1.1161734007941793,1.0283885679677114,1.0524248494468889,1.449807815286637,2023-02-22
1.196354979461306,1.1165229554364953,1.019860805834847,1.0660661780050833,1.653090934321242,2023-02-23
1.174814404194093,1.089489633331227,1.0001120038482307,1.0428425025850163,1.6266851296965232,2023-02-24
1.1845035216728885,1.0925192550645646,1.0084154125937437,1.0467760069490286,1.6417043000406335,2023-02-27
1.1804195012224863,1.0979958481940733,1.0105474611553626,1.0436794337664745,1.6217951361689666,2023-02-28
1.1636034650593843,1.0739920589221825,1.0139137990383051,1.030498407514149,1.5856094781758734,2023-03-01
1.1684082242197757,1.0735259564324413,1.0323159621644777,1.0507511839626311,1.6286411003701982,2023-03-02
1.2094077512194747,1.105802864872328,1.0508303884070487,1.0682420153234589,1.6688788034127815,2023-03-03
1.2318292569499312,1.092402707217139,1.0674370330526297,1.0748534632137465,1.6454071553286829,2023-03-06
1.2139720985703315,1.0900722836683931,1.0531867039332972,1.0634717110304277,1.6271012965140446,2023-03-07
1.224141791308889,1.0943835761235692,1.0575628049047665,1.061588763531141,1.6894936995779573,2023-03-08
1.205884277725808,1.074924263901665,1.0359065670120498,1.0558143780747513,1.6374418320644564,2023-03-09
1.189147964900372,1.0572128137913002,1.016943261149331,1.0402064285869903,1.6045336381569222,2023-03-10
1.204923127206284,1.0770216806555202,1.0223294709002166,1.0625093681428792,1.6046035563212535,2023-03-13
1.2218998518412547,1.1055697691774773,1.0544210796773428,1.0912564087284962,1.6812493720900987,2023-03-14
1.2251028176487595,1.1209507957390963,1.0784336330963078,1.1107137953926707,1.692777981687189,2023-03-15
1.2480050228186317,1.1656956568546895,1.1256731573876178,1.1557383697869472,1.7845155596992497,2023-03-16
1.2411983634611794,1.1529946084841323,1.140260275856145,1.1692538272555129,1.7973711438645101,2023-03-17
1.260416903384131,1.1385457869019957,1.1357718253455553,1.1391264047620473,1.8095981329844817,2023-03-20
1.2754714511597072,1.1723374617585713,1.1772890419185642,1.1456122440675856,1.830488824891561,2023-03-21
1.2638602810011708,1.15008153459822,1.1598967283036408,1.1393772281742276,1.849283709796303,2023-03-22
1.27266871637603,1.1501980824456455,1.1849191312338552,1.1618476458431162,1.8997985808751625,2023-03-23
1.2832390126773763,1.1434397296943384,1.1831238720214305,1.1740244596796434,1.871012483868188,2023-03-24
1.2674638503714644,1.1423910657673906,1.1496857108065828,1.156491627538126,1.8536856130409272,2023-03-27
1.2624188035811919,1.133069193772487,1.1336400360521033,1.1516797818479443,1.8452312636865973,2023-03-28
1.2874031290044055,1.168142628250861,1.1376794340971004,1.1737731112577048,1.8853354136772358,2023-03-29
1.3001352688967591,1.1885341454522473,1.1320691302270305,1.1885863928495763,1.9132135103550736,2023-03-30
1.3204750269128351,1.2035656173715503,1.1639362127713604,1.2063697858983946,1.9407416151510384,2023-03-31
1.3306447196513926,1.1933116292971242,1.1710052457728275,1.2018926339293323,1.9538770056603627,2023-04-03
1.326320659930417,1.2112560862023798,1.175044730240547,1.201683286288083,1.9181039049428459,2023-04-04
1.3113460838518143,1.1780470616829708,1.172239621516873,1.1897996904017445,1.87813959128087,2023-04-05
1.3185532225924015,1.1892332547368794,1.216561946813556,1.2201785925695885,1.8890389373989782,2023-04-06
1.2974926016866823,1.1905150143586776,1.194344566184293,1.2109310706812755,1.9269079788055712,2023-04-10
1.2876430440953255,1.1642973493854663,1.1821141089329037,1.183480935451887,1.898261450753782,2023-04-11
1.282037947066932,1.1399440943712196,1.1741470574229733,1.186242618034662,1.8511700296791238,2023-04-12
1.3257597404347203,1.1931950814496992,1.2054532564989244,1.2128137556756828,1.848934252661385,2023-04-13
1.3229572540103505,1.1944768410714974,1.2216111943698023,1.1973314803988913,1.869545672971355,2023-04-14
1.3231174457636043,1.1971568192625592,1.189070878817973,1.2084622122913702,1.8865935395749842,2023-04-17
1.3330469750519343,1.1920298696753262,1.172576238020623,1.206662741343704,1.9330560982308762,2023-04-18
1.342335861506902,1.2153344607626253,1.1689853739048843,1.2069976975697028,1.951501258627223,2023-04-19
1.3344884524719134,1.209624771938266,1.1814407030799594,1.1972060030665812,1.893720112240712,2023-04-20
1.3214360532527054,1.2463295206807539,1.1827872555176808,1.1957414883449138,1.8947679488985114,2023-04-21
1.3239180319909136,1.2375902990230168,1.189070878817973,1.1790455217586349,1.8893882608471582,2023-04-24
1.311426179728441,1.1951759503561294,1.1652826787863595,1.1524746466224933,1.8334233824923982,2023-04-25
1.311346083851814,1.2232580252883054,1.1637117729612865,1.2359538232916896,1.8833793093168227,2023-04-26
1.348581973907619,1.2796550930475883,1.2072486885567941,1.2755382465671572,1.9022439786991572,2023-04-27
1.3587516666461763,1.2287345295178544,1.204443320564953,1.2857065043196483,1.9387855107906253,2023-04-28
1.3580313004751479,1.1891167957894142,1.2028723283171576,1.2785930158476813,2.01990274690821,2023-05-01
1.349622847764809,1.2075273551844108,1.1817773195837094,1.2779653666812525,1.970994656741585,2023-05-02
1.3408948808055379,1.2077604508792612,1.182787255517681,1.27373916937681,1.9424884997654133,2023-05-03
1.3276019455971415,1.2118387365395467,1.174708286582242,1.2779653666812525,1.925719771072155,2023-05-04
1.38990200859348,1.2311815898139855,1.1845825147301055,1.2998918742402117,2.0038331998582652,2023-05-05
1.3893413374570909,1.2331624587204155,1.2092682147338476,1.2915228249305077,2.036741260079061,2023-05-08
1.3754879794716126,1.2423677828678936,1.2045554972586285,1.2846188153522295,1.996217333728957,2023-05-09
1.3898220368965064,1.2839664744027237,1.2539270701115575,1.3068378845991793,2.018155862293836,2023-05-10
1.3913432376541512,1.3071545176425974,1.3080115332851503,1.297631838481797,1.9967064935057992,2023-05-11
1.3838056568551074,1.2847821315347807,1.318559167285958,1.292861993572305,1.9800777348279424,2023-05-12
1.37979626837657,1.2957352288938384,1.3073383002776509,1.2949124191845909,2.0229070889866394,2023-05-15
1.37979626837657,1.3213703324298434,1.3410009013025725,1.3044527652657738,2.0410728440991375,2023-05-16
1.3847680491711685,1.3458401352915152,1.35592429058396,1.3167819631847402,2.1084962801999176,2023-05-17
1.4036924074945396,1.3767187362621784,1.3782540207523435,1.3357366530050372,2.2132993305569717,2023-05-18
1.4045744555746664,1.3545793569492526,1.377468351783001,1.334982082729462,2.1843739319682896,2023-05-19
1.3968763104834074,1.340130535367116,1.403164246988882,1.3468917978512918,2.1782251441092915,2023-05-22
1.3757066598417524,1.3398974396722656,1.375224299373151,1.3220657926479202,2.1441294109020337,2023-05-23
1.37795207633969,1.3604055047210772,1.3565977828596267,1.3161524764841561,2.1336490390229588,2023-05-24
1.3871735332427064,1.3400139875196906,1.3855474935638845,1.366769454827241,2.6536117110117834,2023-05-25
1.4067394036570156,1.399557224859736,1.3982269168581443,1.3959985856237098,2.72110453052994,2023-05-26
1.4217347177377837,1.417618318512377,1.3876794557027814,1.388953085915484,2.8025018403650663,2023-05-30
1.4213337416360339,1.405033817989245,1.378702813949769,1.3771275036074728,2.6434108781032952,2023-05-31
1.4441070483253808,1.4305522847778647,1.388240512016605,1.3946985302089299,2.7786764571704117,2023-06-01
1.45100324121314,1.4477977212984483,1.3989002362883662,1.4065245062742602,2.7477245013100298,2023-06-02
1.4400175639702164,1.4600326671792643,1.4139363207997637,1.4087890046156233,2.736825021505183,2023-06-05
1.4370505395047135,1.4752971458934578,1.428523266422846,1.399311528453035,2.7007031320864416,2023-06-06
1.4259044221492285,1.412607827872609,1.3745508935202067,1.356117531834623,2.6185980846567265,2023-06-07
1.4479561208710099,1.447797721298448,1.370511581897932,1.364001472127363,2.690920471296555,2023-06-08
1.4510834612694203,1.438242842508654,1.3715214314091813,1.3704178788923238,2.7090879643366566,2023-06-09
1.473776796261794,1.4748310434037164,1.3873428391990317,1.391637329558863,2.758840018884589,2023-06-12
1.4699275995365109,1.475879796230624,1.3894746284924837,1.4018696385019056,2.866448752826389,2023-06-13
1.4750595720843631,1.473083181292177,1.3876794557027816,1.4146597949889392,3.0044533057956486,2023-06-14
1.4915783221565424,1.4811232936652823,1.4036130401863076,1.4597828087129567,2.9804166975538746,2023-06-15
1.482837813052249,1.4622465428805844,1.3861085498777086,1.43558589645285,2.983140965914762,2023-06-16
1.4835595451994679,1.465625719256238,1.381283482863369,1.4176373878349462,3.0611223122030538,2023-06-20
1.475140040499951,1.454556074049755,1.3526705615083057,1.398808175346959,3.007807506069212,2023-06-21
1.4995171274166434,1.5165461938860119,1.38184479844536,1.4245986234769137,3.006410479649972,2023-06-22
1.4969509548732367,1.5069914039961776,1.3727557207305046,1.404930707899533,2.949391213987217,2023-06-23
1.485644521584844,1.4836868129088785,1.327872339119998,1.3780082074775564,2.8391967111458056,2023-06-26
1.5080168521724409,1.5052434529846783,1.3277602488490445,1.4030435603221774,2.926122769745917,2023-06-27
1.5175593134802339,1.5036121387205643,1.3485187275014654,1.408411522599176,2.8730873688959235,2023-06-28
1.5202859261362018,1.4903286178127606,1.3364001876755847,1.405056447736722,2.8524734085379184,2023-06-29
1.555408030126976,1.5189932541821431,1.3431327770187471,1.4280791756716773,2.9558897263546107,2023-06-30
1.5432998929943909,1.517361939918029,1.3453769158513196,1.4173857769081277,2.963645696186059,2023-07-03
1.5342385036649746,1.5192263498769936,1.3661353945037407,1.4180568706320824,2.9569383651328423,2023-07-05
1.5380874520309504,1.495688663094844,1.347733231377568,1.431140638826624,2.941984968664164,2023-07-06
1.5290261868811879,1.5122349014308358,1.3406641119533784,1.414156573135303,2.9699353898676293,2023-07-07
1.512427465112035,1.4813563004601726,1.3066649808474293,1.3915531967450443,2.9473642556553012,2023-07-10
1.5081775406443094,1.500582605887186,1.3144075061245633,1.3942370466311038,2.9630868856183628,2023-07-11
1.5217291420713324,1.5241202926693356,1.3344927517694847,1.4140727028263633,3.0676911437949945,2023-07-12
1.5279036028118729,1.5649033270721087,1.3974415071569692,1.4369695596716898,3.2126837699687054,2023-07-13
1.5291064069374685,1.5693310784747498,1.4073159081502773,1.4477893545346268,3.177186999740047,2023-07-14
1.5555685944191908,1.5562805643618367,1.3986758829010149,1.4498439802249818,3.246503573747321,2023-07-17
1.553483493854161,1.5477744383989502,1.388689305214031,1.5075475402899046,3.318685589311532,2023-07-18
1.564469419456392,1.5772547319003896,1.3692772061538867,1.4890538090376748,3.289546693001172,2023-07-19
1.5486724015314315,1.5143324070846504,1.3375223003032326,1.454624456582086,3.1807502860729104,2023-07-20
1.5391300644032921,1.5147984206744316,1.346723381866319,1.4416246899489238,3.096130591088563,2023-07-21
1.5456252811893014,1.5008157015820363,1.3636668158610943,1.447243738142982,3.117303094640787,2023-07-24
1.5526016941333414,1.504660980447431,1.3712970780218299,1.4718603957051044,3.1918604561779227,2023-07-25
1.5596580787743546,1.493241602798712,1.4505162072420352,1.416463072257355,3.175998524633153,2023-07-26
1.5493941336786499,1.4944069034730452,1.4519748499507101,1.386898722730008,3.207303680857136,2023-07-27
1.5703232483311163,1.540550072057862,1.487656890729963,1.418979444030415,3.266697757745861,2023-07-28
1.5752950291257144,1.5576787829311007,1.4892282286686482,1.4087048718018038,3.265230144728596,2023-07-31
1.568559027991209,1.534490828591187,1.4760995800633512,1.4104665420468494,3.2497179376922216,2023-08-01
1.5442621611307972,1.4939408898832642,1.4405293702868844,1.3733953404858903,3.0933360035031283,2023-08-02
1.5329553553034434,1.502097461203835,1.4413149528335045,1.3698726562579973,3.110524642242591,2023-08-03
1.4593428983953356,1.626310974371119,1.4374998217531367,1.3745693935586016,3.1220551234540226,2023-08-04
1.4341637350954899,1.6571894864418224,1.4758752266759998,1.3843403501762577,3.173553394182636,2023-08-07
1.441781784310122,1.630622266826295,1.4744160654309906,1.3673142837042471,3.120936432824721,2023-08-08
1.4288713224350762,1.6062690118120484,1.4548921353680602,1.3512949234443883,2.9734986762004927,2023-08-09
1.4271071020951691,1.6145420420800844,1.455229011139977,1.3542305155097059,2.9618989452584232,2023-08-10
1.4275891675107752,1.612794268868505,1.4537700227404127,1.3461788345990868,2.854779237406727,2023-08-11
1.4409985832343286,1.6379632699147686,1.47363082857526,1.3588852520296208,3.0572796205863417,2023-08-14
1.4248588294651967,1.6041715061582333,1.4562389470739485,1.34974325710279,3.0703469645456765,2023-08-15
1.4177928829908495,1.5738756444246966,1.4441199751344558,1.3464654899272928,3.03862283408266,2023-08-16
1.397156956500734,1.5611745071541796,1.4578095936308542,1.3316732087257659,3.028700069590633,2023-08-17
1.4010913404684453,1.5523188265489771,1.4302064353643176,1.3299921274786684,3.0255557574968024,2023-08-18
1.4119312307979424,1.5693310784747503,1.4404172800159307,1.352685280537651,3.281861042394272,2023-08-21
1.4230923738915233,1.5643206767349425,1.4483844179485834,1.3551226383420394,3.1910922921774487,2023-08-22
1.4543276547219475,1.5791191418593546,1.4853004887809924,1.3742017554751291,3.2922722982294474,2023-08-23
1.4162670875860184,1.5362386018027663,1.4562389470739483,1.3446586688430062,3.295556714025418,2023-08-24
1.4341732969288237,1.552784840138758,1.457360886856151,1.3573078602098507,3.2155486767786883,2023-08-25
1.4468603596068894,1.5513866215694945,1.4700403101504107,1.3603334914487715,3.2726377269190357,2023-08-28
1.4784165206624365,1.5720112344657315,1.5099866208983468,1.3801271468633414,3.4088249423626347,2023-08-29
1.5067611475143743,1.5738756444246964,1.5246859160605497,1.3817242265490601,3.4423656082308796,2023-08-30
1.5085276030880475,1.6081332439710934,1.5279399044043713,1.377395652341687,3.4487240168961333,2023-08-31
1.5212947616427404,1.6094150035928916,1.5222169917270136,1.3811775601378982,3.3896093452912566,2023-09-01
1.5232217815086286,1.5995106590607415,1.5234514538937818,1.4017276233621985,3.392334683146054,2023-09-05
1.4687007045580984,1.5772547319003902,1.5087521587315789,1.398912127279165,3.288699653824876,2023-09-06
1.425742243521514,1.6062690118120486,1.517728714061869,1.3864308077826388,3.231397507023067,2023-09-07
1.4307203574784502,1.61069676321469,1.5302961335078977,1.4047533858535586,3.1846461850116192,2023-09-08
1.4401955134139457,1.6674435634162086,1.536355403420838,1.4201765975325056,3.157113133806323,2023-09-11
1.415624830417158,1.6456536498456387,1.5186261276112754,1.3942472843213962,3.1355890341313626,2023-09-12
1.3988431920181268,1.6878350806175952,1.5339991743173123,1.4122761194323687,3.178566914256737,2023-09-13
1.4111281609775597,1.6863202253009466,1.549596228719811,1.4233704943990635,3.1852755821773404,2023-09-14
1.4052666329643062,1.635865764260954,1.5417410946353893,1.387733750751091,3.067803975402444,2023-09-15
1.429034246140711,1.631088280416077,1.5508299995047998,1.3828589038898749,3.0724161678870168,2023-09-18
1.4378670207276927,1.6037054925684524,1.548922477175977,1.381136084366967,3.041249243750832,2023-09-19
1.4091207968757367,1.5764389858683736,1.5006730169506954,1.3480205688323221,2.951730999287652,2023-09-20
1.396594671028847,1.5069914039961778,1.4636443373109986,1.342809321968271,2.8663353864719867,2023-09-21
1.403499680672018,1.5045443437000467,1.4615122887493794,1.33221921887473,2.9077753343555486,2023-09-22
1.4138582506638306,1.529596885798845,1.4711625956235033,1.3344467040281103,2.9505430589277126,2023-09-25
1.3807762942034525,1.467956231704944,1.4426615052712262,1.311753419716688,2.9288093384464964,2023-09-26
1.3684907043457513,1.467956231704944,1.4647666227840908,1.3144847829859028,2.967733301908039,2023-09-27
1.3705786610428157,1.467956231704944,1.484627428618938,1.318057211888425,3.0111298888989686,2023-09-28
1.374754201897984,1.4812398415127075,1.4683571412089398,1.3269241017017395,3.0397816307335663,2023-09-29
1.395149095680296,1.5085062593128264,1.5054978246968675,1.352348486777497,3.1294391767784537,2023-10-02
1.3843090811711454,1.4532743144279567,1.485973894633937,1.3170064048565493,3.041039355571098,2023-10-03
1.3944268668144624,1.479841534043484,1.517504360674517,1.3404139649445723,3.077657222790354,2023-10-04
1.4044636873235765,1.4677231360100933,1.5155970111911392,1.3420947836867907,3.1228711473069444,2023-10-05
1.4251802064089336,1.4910277270973922,1.5437613121942217,1.3752944320352543,3.19792395189764,2023-10-06
1.4372245151995244,1.4945233624205112,1.553186574299215,1.3860529320088726,3.163751482502378,2023-10-09
1.432406717175496,1.5087391772077574,1.549147003408773,1.3800431453019621,3.200439668946182,2023-10-10
1.4437286729205994,1.5361221428553016,1.5770871238699489,1.396979303852809,3.2708800136788274,2023-10-11
1.4510356521027497,1.5419482906271262,1.5593583665967206,1.3916837929224997,3.2805934247380764,2023-10-12
1.4361004409743652,1.5123513603783014,1.5412923878606857,1.3772695187471784,3.1768891456862605,2023-10-13
1.4350565868054865,1.5445118098707227,1.5608166636145058,1.3979035835328577,3.221194267753282,2023-10-16
1.4224502409023163,1.531927309347591,1.567773692767742,1.39546609447603,3.0704597961531244,2023-10-17
1.4119312307979421,1.4930086849037825,1.5480252364720153,1.3872710859013082,2.9487257214020506,2023-10-18
1.4088800125272407,1.4961546766846257,1.5456686616775999,1.3923563304232907,2.9420873727059944,2023-10-19
1.3881634934418836,1.4585178118626154,1.5215441044104039,1.3728152047026163,2.892191738600716,2023-10-20
1.3891271275544816,1.4747144955562914,1.5316427723683412,1.3839515804500007,3.0031637635143094,2023-10-23
1.3926600387018284,1.4980190866435905,1.557562848116129,1.3890362999622248,3.05124179272045,2023-10-24
1.3738707878416672,1.414472148931614,1.4094476974437298,1.4316493732827251,2.919585220850827,2023-10-25
1.3400658574375333,1.3932649745981704,1.3720824013002832,1.3779420562479698,2.818047469086112,2023-10-26
1.3507454318341225,1.4884642078537964,1.37084811197896,1.3860105374708647,2.8302062779693555,2023-10-27
1.3673666301205922,1.5463762198296878,1.3965439207621186,1.417528973319791,2.8763982546661526,2023-10-30
1.3712209182116766,1.5508039712323292,1.3922799964843253,1.420891004561547,2.8497734711634704,2023-10-31
1.3969157996132773,1.5963644894799793,1.4188733052396125,1.4543423950892687,2.9577407529384185,2023-11-01
1.425822711937102,1.608832531055646,1.4305429654453454,1.4637982145993138,3.0402706568236697,2023-11-02
1.41843514015971,1.6150082334697866,1.4486084256450458,1.4826250645433874,3.1450230399067625,2023-11-03
1.4391516592450673,1.6282918432775502,1.4615122887493792,1.4983000184015924,3.1971549857767347,2023-11-06
1.4599485225663587,1.6628991752661828,1.4695914305302629,1.5151099121054916,3.2114108048429633,2023-11-07
1.4685402644455372,1.6555581721777093,1.4793533955617282,1.5263304206666946,3.254667288131753,2023-11-08
1.4646862247137602,1.6383128245570855,1.461400457746593,1.515782580858722,3.2809431492464722,2023-11-09
1.498696051546475,1.6728035197983329,1.487769240269084,1.5535204135606873,3.3777294069449066,2023-11-10
1.4858315361432928,1.6615007788969993,1.4821586771308468,1.5409549612503424,3.397644720406553,2023-11-13
1.5070579368866819,1.6989047258240788,1.4993265509356961,1.556041904178894,3.470042773740477,2023-11-14
1.511640662826284,1.6686086862906222,1.5105475043667258,1.5566734909185125,3.4163734303756472,2023-11-15
1.5253091173074245,1.6642973938354462,1.5364674072690687,1.584044874684108,3.457744128528571,2023-11-16
1.5251484288355557,1.6916801816830707,1.518290116066582,1.5574314737575183,3.445025439583722,2023-11-17
1.5392990729119562,1.7027500046894735,1.528837145108333,1.5893930178427191,3.522663745700552,2023-11-20
1.5327865951540844,1.6767652576111929,1.5369164597346614,1.570991032045808,3.4901687775022876,2023-11-21
1.538173508530953,1.7095083574407803,1.5539721568458351,1.5911192499290578,3.404354457821066,2023-11-22
1.527399433417909,1.7098579120830963,1.5337746480845156,1.5893504920522707,3.3386650724077462,2023-11-24
1.5259522437338606,1.7213935708793606,1.5306331821252592,1.5943194469127193,3.371230359830558,2023-11-27
1.5308569675154688,1.71323699955879,1.539497042225539,1.6115426545490912,3.3418101866220087,2023-11-28
1.522575178051889,1.704963969290754,1.5146994247962882,1.5953302219505001,3.3641019155504885,2023-11-29
1.5272389933053476,1.7022838132997722,1.4870960072615844,1.595583014149275,3.2683648313772404,2023-11-30
1.5376108505201047,1.71323699955879,1.4795779217945246,1.5770547635054162,3.268015106868845,2023-12-01
1.5230577401861098,1.6877184438702104,1.4505162072420357,1.5544415431821834,3.1803133978108935,2023-12-04
1.555138187739516,1.7114892263472103,1.4698159567630593,1.5686746889907812,3.254394567184839,2023-12-05
1.5462941128040493,1.6839898017522008,1.4589318791039467,1.5530099728228695,3.1801035096311607,2023-12-06
1.56197253915974,1.7114892263472101,1.5364674072690687,1.5620633723529331,3.2564915773678247,2023-12-07
1.573550429171089,1.7177813877088162,1.5146994247962882,1.5758755915875582,3.320089300067706,2023-12-08
1.5532085601009002,1.6999533897510262,1.4956238558171713,1.5635374685026955,3.2586581046549257,2023-12-11
1.5655102933135805,1.718480496993448,1.4869841762587983,1.576507178327177,3.330642798592841,2023-12-12
1.5916410452996166,1.7343276260448082,1.4875452325726222,1.5764650462940477,3.3607642924325223,2023-12-13
1.5928469539165546,1.7177813877088162,1.4804756810348205,1.540924510684342,3.3790742955360598,2023-12-14
1.5885052606847554,1.7474947769051064,1.4878814169627599,1.5611369926338503,3.4168140618663463,2023-12-15
1.5749977430347908,1.7952692597540372,1.5237879839748092,1.5692221429165811,3.4997706938214743,2023-12-18
1.5834397242516245,1.792006453425889,1.5333257684643675,1.5717910156655035,3.466713439200308,2023-12-19
1.5664749208634074,1.7725471412039848,1.5522889879043638,1.5606740652791882,3.3623712070314955,2023-12-20
1.5652688880668157,1.7925891037630555,1.5756281354703843,1.572969925078482,3.4238029371912306,2023-12-21
1.5565856257828714,1.787695160970713,1.587634671448034,1.5773494252324411,3.41262057624733,2023-12-22
1.5521635883151381,1.7875787020232476,1.5879713743745063,1.5776863502450347,3.4440003296714985,2023-12-26
1.5529672790337892,1.7867629559912308,1.5750670791565609,1.575201741562371,3.4536450257470643,2023-12-27
1.5564245647720418,1.787229147380932,1.5734962597542104,1.5802968300173275,3.460982823459912,2023-12-28
1.547982583555208,1.7704498133500897,1.5674371626867147,1.5834975520107473,3.460982823459912,2023-12-29
1.4925855433275819,1.7470285855154055,1.550381465575541,1.5617265785927787,3.3663553392177348,2024-01-02
1.4814096228552125,1.7300163335896324,1.5587973102828967,1.56058953870805,3.324492139119502,2024-01-03
1.4625954118846602,1.6845724520893675,1.5304081373561282,1.5493885867603556,3.354474331377476,2024-01-04
1.4567261847328783,1.6923794687676224,1.523002228582744,1.5485884718882206,3.431280838606219,2024-01-05
1.4919420443621847,1.737357336678106,1.5578993781971562,1.5778124838395426,3.6518468455310584,2024-01-08
1.488565351219174,1.763807919546248,1.5815752286896492,1.5824447761922766,3.7138373862584895,2024-01-09
1.4970077049749693,1.7913073441412575,1.5964990500846485,1.6118371850236757,3.7984012001860674,2024-01-10
1.4921836979682566,1.8082031371195653,1.5942549976747984,1.6196696743600711,3.8313884029561636,2024-01-11
1.4948364237302818,1.8016778800631086,1.600650797668766,1.6358399749255328,3.823560777032781,2024-01-12
1.47642455483767,1.7846656281373354,1.5988551063427296,1.6434196720631533,3.940413146834097,2024-01-16
1.468786388519141,1.7677698351590276,1.587410145215238,1.6400508156945355,3.917419829901007,2024-01-17
1.5166256066641726,1.7886273659501957,1.6099638830800835,1.6585790663383941,3.9910820250359196,2024-01-18
1.5401833562258493,1.8100675470785297,1.6425044579000803,1.6787919420452213,4.1576947379629665,2024-01-19
1.5589172229604673,1.8035422900220732,1.6381281840831663,1.6696964104820284,4.169086184966168,2024-01-22
1.5692889559955707,1.8179912005041696,1.6499101938280198,1.6797604537974336,4.18439144493106,2024-01-23
1.5638216983827682,1.8278955450363197,1.6685368831869887,1.6951726402714495,4.288454806562979,2024-01-24
1.561168475902128,1.8381496220107054,1.7041064015816765,1.7049000210791403,4.30627605094989,2024-01-25
1.5470981760616616,1.8541132100095308,1.7076970928519704,1.7009415787515936,4.265321653301226,2024-01-26
1.5415504500332708,1.8790491153609437,1.722508737553294,1.7253231631942945,4.365540451702092,2024-01-29
1.5118818197137405,1.852714991440267,1.6995061200683004,1.7205648684994919,4.38713594009551,2024-01-30
1.4826155314721505,1.808436232814415,1.572037444200091,1.674202044230496,4.299985555147887,2024-01-31
1.5023944941721838,1.8559776199684954,1.5839316306386202,1.700309729507096,4.404817348153758,2024-02-01
1.4942740140787412,2.0019808689064296,1.5976211627122963,1.731639686852678,4.623775638359192,2024-02-02
1.50898731616599,1.9845024255909554,1.6122084540262682,1.7081846133814997,4.845460870660288,2024-02-05
1.522012892580002,1.9709857200883412,1.6169209122333201,1.7075106321038727,4.767955181788231,2024-02-06
1.5228970517142415,1.9870659448345518,1.633078850104198,1.7435568833635677,4.899063370655776,2024-02-07
1.514133321014709,1.9790258324614465,1.6372305976883155,1.7438094130574635,4.867055022186319,2024-02-08
1.5203322451470254,2.032742922029667,1.6719028753790415,1.7709281358767237,5.0412167578733325,2024-02-09
1.5066460329754077,2.00815657132057,1.6554082345816916,1.7486522343234037,5.0492529351090605,2024-02-12
1.489659746507103,1.965043113369051,1.6285905724390528,1.711005753319438,5.040867568111891,2024-02-13
1.4824948288487687,1.9923094422692098,1.6375671277693429,1.7275434294634935,5.164708011117659,2024-02-14
1.4801603755391388,1.9785598188716649,1.6019969179928761,1.7151824684541308,5.077907350678433,2024-02-15
1.4676820588589181,1.9751805535960514,1.5767505937889223,1.7046356786656756,5.074761434343738,2024-02-16
1.4616443199170852,1.9468655607689447,1.583483096709362,1.6992776915740906,4.853846772404413,2024-02-20
1.4677625272745063,1.9644604630318845,1.5995286850411192,1.6967042249897804,4.715469768181182,2024-02-21
1.484265754889975,2.034257777346316,1.6168087355396443,1.7366561550962814,5.488848086210838,2024-02-22
1.4693726406641896,2.039035261191193,1.6153502656764145,1.73112950861974,5.508346029674315,2024-02-23
1.4584239689580643,2.036005550557895,1.5436491355005468,1.7193169203032548,5.527565369974376,2024-02-26
1.470258289954273,2.0221392904129654,1.5583484306627498,1.7190638655996004,5.500238196346651,2024-02-27
1.4605168928412762,2.017711539010324,1.5302961335078982,1.7200760844142176,5.4276954939614726,2024-02-28
1.4551231495834553,2.0596596962875102,1.5536354539193638,1.7450514548939162,5.528962663767094,2024-02-29
1.4463483668947448,2.0766721260132033,1.538823982063485,1.7528982507462343,5.750297102065884,2024-03-01
1.4096381293129896,2.0692146639772644,1.4962969159792268,1.7504515740186306,5.957024927296141,2024-03-04
1.3695464797613837,2.0288976431642722,1.4886668266639358,1.6986873181005238,6.008116790339157,2024-03-05
1.3614962853519268,2.0217897357706494,1.474416065430991,1.696324642934299,6.1993374886291095,2024-03-06
1.3605300434666014,2.060358983372062,1.5078547451821733,1.726067102022257,6.476734797662115,2024-03-07
1.374457412525676,2.0432300946989037,1.5194120558487856,1.7137481417935838,6.117426019597007,2024-03-08
1.3907193590740343,2.003728819917929,1.5447709024373049,1.7065762459859706,5.9948368844653155,2024-03-11
1.3945837057170671,2.043696108288685,1.5540843335395118,1.7519699022405564,6.423898055305805,2024-03-12
1.3776778876643507,2.057329272738764,1.5685587567780288,1.7512108693820332,6.35225854052717,2024-03-13
1.3927320629009656,2.0828478284273437,1.605699958802291,1.7939047942053608,6.146499676778889,2024-03-14
1.389672648773121,2.032393367387351,1.5841558111805276,1.7567796478917037,6.139021775363902,2024-03-15
1.3985282724163806,2.0330924766719827,1.6570912306777186,1.7605765184660354,6.182214356391601,2024-03-18
1.4175275110709238,2.0496387150079745,1.6497980171343447,1.777831357940364,6.248122453309406,2024-03-19
1.4383782683619146,2.0758563799811856,1.6689859356525822,1.793947057490929,6.316195740646926,2024-03-20
1.379609626357079,2.0758563799811856,1.6561938171283124,1.8114128196357828,6.390488669814945,2024-03-21
1.3869356050262431,2.084246046996607,1.6917638540593345,1.8087546952278954,6.589958909375564,2024-03-22
1.3754235302313476,2.0940341103812115,1.6839094113566921,1.7839482466380323,6.639790908593229,2024-03-25
1.3662459087460819,2.077604330992685,1.6906413957407977,1.7788435767549808,6.469186844396054,2024-03-26
1.3952278255807324,2.0954323289504746,1.6928857938415374,1.7779154907541823,6.307669200453704,2024-03-27
1.3804952756471622,2.101841127059466,1.6935593725399265,1.7749203100812614,6.315077050017622,2024-03-28
1.3688221398414369,2.108715938758238,1.744726118182558,1.7911624057312143,6.315566343481203,2024-04-01
1.3592419279189236,2.1054533102300095,1.7342907472981484,1.7779580165446303,6.251896162568956,2024-04-02
1.3657630982525533,2.12549527278908,1.73833031818859,1.7737814326623775,6.217788932302171,2024-04-03
1.3590812394470548,2.097413197856904,1.6890707491838919,1.76293906237982,6.003990682836434,2024-04-04
1.365199819343437,2.1564904216071685,1.711175953119479,1.795170330228511,6.150973904549138,2024-04-05
1.3561022937347984,2.157888640176432,1.7375449084874148,1.7912468010499123,6.089818103818046,2024-04-08
1.3659240350837298,2.1634816922534066,1.7571811880894659,1.7983765648243966,5.965480880891332,2024-04-09
1.3507085504769776,2.166744320781635,1.7520198502622661,1.7856358905071126,6.08324873747915,2024-04-10
1.4091549462805,2.2028665080869163,1.7887119998209355,1.8053376692139245,6.333248286286406,2024-04-11
1.4213112651187148,2.1688418264354503,1.76986078422917,1.779898452612486,6.163413722957093,2024-04-12
1.390236424400852,2.1395944508289415,1.7376569123356456,1.745051454893916,6.010700152877468,2024-04-15
1.363589457594446,2.1360989044057823,1.7324954016630012,1.7490168536007646,6.109527807075596,2024-04-16
1.352479724877491,2.1123281219287824,1.7445017647952061,1.7374577137452527,5.873295853364896,2024-04-17
1.344751155771079,2.0883244215568517,1.7505608618627015,1.7055215013809053,5.917745624483173,2024-04-18
1.3283282723915446,2.0348404276834815,1.7290170599318277,1.68379502253998,5.325698929309592,2024-04-19
1.3350907237922849,2.065136289417018,1.753590323973727,1.6915572918211603,5.55759782844609,2024-04-22
1.3436241012342314,2.0920530636748613,1.7758078774484345,1.7194431851502023,5.760631086966096,2024-04-23
1.360691228657085,2.0576788273810793,1.785570188170789,1.7257295207474652,5.568711474406307,2024-04-24
1.3676949611249356,2.0236541457296133,1.7504488580144701,1.6834571787603085,5.775239839022449,2024-04-25
1.3629455860900876,2.0929852686543438,1.9294206367608935,1.7141698558821945,6.1318930637103515,2024-04-26
1.3967572221955205,2.108599479810773,1.8643401785026794,1.6969995429790035,6.13343046120521,2024-04-29
1.371237434105616,2.039151720138657,1.8265259163163625,1.6424931610916302,6.038728379762847,2024-04-30
1.3629455860900876,2.0857609023132553,1.8386444561422433,1.66616046975773,5.803823667993795,2024-05-01
1.3929738406866907,2.152412047046924,1.8696140387144444,1.6783949034152654,5.997841092857001,2024-05-02
1.4762961530757595,2.169774031414933,1.876570895022236,1.7156043137951806,6.205558199953514,2024-05-03
1.4628518428695205,2.198788133526672,1.886221029050915,1.7446294783004257,6.439762393211866,2024-05-06
1.4684066471381712,2.199487242811304,1.921566194058251,1.7269107927043572,6.328914696965247,2024-05-07
1.4711438150647025,2.1906315622061014,1.9005834484412008,1.7319730680494,6.318990862979311,2024-05-08
1.4858761166389651,2.208110005521576,1.907091597974289,1.7394826763842448,6.202621904425074,2024-05-09
1.4756380009112269,2.1845723187394266,1.8923921299666415,1.7496920161503475,6.28166980351458,2024-05-10
1.5016762390552676,2.1739688649226445,1.897890516411203,1.7453889049162674,6.318082327903219,2024-05-13
1.510946995280797,2.1797950126944694,1.911355349406638,1.7573701526177088,6.384969011748185,2024-05-14
1.5294077909569606,2.1672105121713376,1.93570477859752,1.78809595498356,6.613792046401058,2024-05-15
1.5303749020998616,2.139711087576328,1.954443298959275,1.7792627970472368,6.594851844011368,2024-05-16
1.5306166798855867,2.152178951352075,1.9755383941154456,1.7759662607728688,6.463455961282177,2024-05-17
1.5400484971219464,2.138662245849461,1.98518835529868,1.797647588774553,6.6242757604486,2024-05-20
1.550609107410305,2.1341178576994344,1.9956237261830896,1.8132851356874562,6.666629323504322,2024-05-21
1.5389199524292543,2.1338849398045037,1.9791290853857397,1.8195402332040813,6.636156768288858,2024-05-22
1.5065131607459632,2.1096481437377226,1.947374265957808,1.804663425431417,7.254623706254936,2024-05-23
1.5315035709722074,2.1061524195146437,1.9635323766741306,1.818018754923604,7.441231677313361,2024-05-24
1.5315841635674492,2.122465562155785,1.9793532659276467,1.818695098745145,7.96066294451592,2024-05-28
1.534002686502624,2.120950884639056,1.973743221325744,1.813834689652291,8.025241125757304,2024-05-29
1.5420636845419515,2.0894897222311863,1.9312163280869306,1.752552269315303,7.722963645161433,2024-05-30
1.5498030572782342,2.0559310541695015,1.9355922562129548,1.7544961179465894,7.662367724491945,2024-05-31
1.5641522646208779,2.0780703445824673,1.9431101688345702,1.7476918602224492,8.037473462346822,2024-06-03
1.5667318485668826,2.089722640126117,1.9500671979878064,1.7584691292949381,8.13790535740915,2024-06-04
1.5789852758942795,2.1123281219287846,1.9682450077266271,1.7920265717939003,8.557462470623168,2024-06-05
1.5677799248439868,2.1556746755751544,1.9830561338916162,1.7941816056005913,8.45667924681158,2024-06-06
1.5872075833037442,2.1475181042545834,1.957585283454866,1.7913503592247992,8.448992259337292,2024-06-07
1.5568162273997654,2.179678375947085,1.9660102889707962,1.8083403312759048,8.512032508336864,2024-06-10
1.6699176900001445,2.181659244853515,1.9840964906238727,1.8286689716345073,8.451223223632438,2024-06-11
1.7176411727079413,2.177697507040655,1.9972401767828678,1.8640861299509373,8.75107990476423,2024-06-12
1.727072865764647,2.1420415111250746,1.967695532057605,1.8662839520529555,9.059325696121876,2024-06-13
1.712965436207729,2.1400606422186446,1.9860064327889226,1.8704681485767083,9.217992604048543,2024-06-14
1.746662206133503,2.1447214893161366,1.9910614706675698,1.8949809854590638,9.155083902799836,2024-06-17
1.727475828740856,2.130156119886575,1.9669089124383161,1.8864015384885933,9.476610134778278,2024-06-18
1.690312956321418,2.168492271793137,1.9805018239083485,1.883696556959749,9.141104547909205,2024-06-20
1.6726585833162866,2.203216062729235,2.017910244990273,1.9009402399767068,8.846839180936099,2024-06-21
1.6778983438035378,2.1623165693789965,2.0133044324226637,1.8920228179741252,8.255511720416635,2024-06-24
1.6853956903947875,2.171288708931664,2.0673381654582075,1.9058853068931378,8.813288087502237,2024-06-25
1.7190922119612544,2.2560009473179736,2.065653440907733,1.910999164446965,8.834956034108021,2024-06-26
1.7259445694312627,2.3054067444310187,2.082840846247845,1.913915199898774,8.666505395897557,2024-06-27
1.6978906471486022,2.251806113810263,2.0462190447852096,1.8889797301607303,8.635052114767113,2024-06-28
1.7473070710750906,2.2978326456476945,2.055655196153225,1.9303136172043556,8.688172807756386,2024-07-01
1.7756831153794106,2.3304591087298974,2.0809314226191296,1.9410910175292841,8.574241225821822,2024-07-02
1.7860018237023905,2.3023770337977214,2.0874466588154545,1.9473881158265987,8.966364216017169,2024-07-03
1.8246158595547948,2.3304591087298974,2.14114420746086,1.9760852804851465,8.795114712245633,2024-07-05
1.8365465439622637,2.3221859006619416,2.1235068854279318,1.9705063955376225,8.960769158629798,2024-07-08
1.8434794940275139,2.322768550999108,2.122944964886884,1.942189862954073,9.18304368207501,2024-07-09
1.8781432509165354,2.3280120484337665,2.147659097966296,1.970548658823191,9.429779135470575,2024-07-10
1.8345313565422587,2.2727802813488167,2.084638611719219,1.9217341702338846,8.90485280856118,2024-07-11
1.858473690491399,2.2662550242923603,2.079021480454079,1.916873629888591,9.033463194403165,2024-07-12
1.8895907522915145,2.245630411396123,2.0954227847112366,1.9186062933444727,8.977545774840637,2024-07-15
1.8929766347288979,2.249126135619202,2.0661024933733256,1.8998413945519164,8.832160377028675,2024-07-16
1.8450918426509637,2.189815816174087,2.0335249296281415,1.8744830294533052,8.247124214431645,2024-07-17
1.8072030159760815,2.1411093061455935,1.9961168542371068,1.8611700944991267,8.46380314574253,2024-07-18
1.8082513406124927,2.133884939804505,1.9957794599288554,1.847392000898812,8.242930194065673,2024-07-19
1.8054297305214555,2.1271265870531977,2.040826785443756,1.8720317588903137,8.635052114767111,2024-07-22
1.81389431243526,2.1721044549636814,2.0421749799132027,1.8801043089388376,8.568649376916177,2024-07-23
1.761736871012976,2.107084624494127,1.9392742098781037,1.8126934496894915,7.9857104918756106,2024-07-24
1.7532726616381322,2.095665424645328,1.879173947420938,1.7683164748324716,7.848012616284891,2024-07-25
1.7570613828720707,2.1265439367160313,1.8760283331710064,1.7973514832706907,7.902532742054701,2024-07-26
1.7593183480778012,2.1347005080366017,1.9044496553505081,1.8035223167210575,7.799784857931425,2024-07-29
1.763833023567184,2.1173387014685123,1.9129873560964483,1.7874198736668974,7.250395996830812,2024-07-30
1.7902741005077796,2.1787461709676026,1.9270291471866288,1.7681051584046275,8.17932364804104,2024-07-31
1.7602858317596632,2.1448381260635214,1.9182672658987814,1.7628645109940937,7.633429893036561,2024-08-01
1.7723778255372693,1.9564203506587798,1.8722089673772409,1.7264331650764515,7.497830364496214,2024-08-02
1.687007914838584,1.8762526782224167,1.7889672925429065,1.670053154613007,7.021133934928104,2024-08-05
1.6705624307620788,1.8868561320391988,1.778182946705444,1.6889028424815802,7.286742212597064,2024-08-06
1.6914416251937638,1.8966441954238036,1.785484802521058,1.6839156435320197,6.913493116169021,2024-08-07
1.7195757675327048,1.9319506366970678,1.8201970075095333,1.7019200656892166,7.337067783253949,2024-08-08
1.7431959794601852,1.9452342465048316,1.8386200849345269,1.7159937397836338,7.3216911345705995,2024-08-09
1.755624624278932,1.9436029322407176,1.8231174041448892,1.7193329331008897,7.620149452415767,2024-08-12
1.785809469418832,1.983570220611474,1.8441246938151008,1.74976276121532,8.117815449066779,2024-08-13
1.7894411033908586,1.982055543094745,1.8015487124699638,1.7618079288548736,8.253414442860171,2024-08-14
1.8136531555478033,2.0693311229247313,1.811996528226399,1.782639134804914,8.587522201189573,2024-08-15
1.8243872448123606,2.0631554205105904,1.8306444775750788,1.7718001770857874,8.707744011552661,2024-08-16
1.823095900593687,2.0766721260132046,1.8723214897618061,1.7847562366565446,9.086586026380258,2024-08-19
1.828099719738936,2.0843626837439944,1.8780504520297319,1.798601269001083,8.894368559766685,2024-08-20
1.8272118352150861,2.0986949574787057,1.8631093460902524,1.7958067733083944,8.981740329953565,2024-08-21
1.812119785184097,2.0523188709989584,1.8400804560976491,1.7594368535325107,8.64902986541688,2024-08-22
1.8307632491308319,2.0629223248157404,1.8605259980722582,1.7646869511186998,9.0425506841519,2024-08-23
1.8335071227586623,2.044977867910485,1.8665921818029907,1.7507146039076962,8.839150589220948,2024-08-26
1.840367303546853,2.0172453476206247,1.849966178467592,1.7521967064562771,8.96776044031598,2024-08-27
1.827938410368799,1.990212114415316,1.8294084597993074,1.7384787264733244,8.779738063562286,2024-08-28
1.8545718415929533,2.005593052076975,1.8173886147224079,1.7491484997977362,8.21916496990343,2024-08-29
1.8481959614541352,2.079934754541433,1.8353624668363637,1.7661689224148416,8.343581335379444,2024-08-30
1.7979153713176508,2.053717089568222,1.767735476639898,1.733567260181445,7.5488559189168445,2024-09-03
1.7824194890528773,2.0196924079167555,1.7575128784980385,1.7312809739350994,7.423739569677084,2024-09-04
1.7947675412763824,2.07282684714781,1.7663872821704512,1.7291214775454602,7.493636878877198,2024-09-05
1.782177338728191,1.9970869261140884,1.695390497182147,1.700796151048454,7.187488899822969,2024-09-06
1.7829037897022502,2.043812567236152,1.6727805845477413,1.7178165736655593,7.441913479680641,2024-09-09
1.7764471927885368,2.0921697004222493,1.672218318315804,1.7537210722904273,7.555843992121295,2024-09-10
1.7970274867938014,2.1500816234981808,1.700339753648576,1.791149674244566,8.171636125819797,2024-09-11
1.7979153713176512,2.178979266662454,1.740047364837242,1.8079162546433791,8.32821805536996,2024-09-12
1.7957362667547816,2.173036659943164,1.7712062131715005,1.823115943417594,8.325421863543662,2024-09-13
1.7458592604927743,2.154392915953357,1.777955482100086,1.8262917274474797,8.1632475503409,2024-09-16
1.7496524521942454,2.1775810480931908,1.7921286357283153,1.842423439795683,8.080062848809579,2024-09-17
1.7811280206545506,2.1723373728586126,1.7976403312721265,1.824047704486703,7.924879282546043,2024-09-18
1.847146643380495,2.212421297976754,1.8238494046036215,1.8574116808896144,8.239442039679952,2024-09-19
1.8417391161811152,2.23257989728321,1.8401599650022584,1.8429309929798279,8.108723681342408,2024-09-20
1.8277769768190086,2.259147116898737,1.8205872925238942,1.8354796607281898,8.12689812609292,2024-09-23
1.8350408656613302,2.2600793218782194,1.8255363761448784,1.8171039254192098,8.44915054443589,2024-09-24
1.8269698090700544,2.2434164467948423,1.8165380422885435,1.829551775543624,8.633693322755136,2024-09-25
1.8362513689254547,2.227452858796017,1.8304861511476416,1.8261645438334544,8.670741126525996,2024-09-26
1.8384303493086707,2.190282007563788,1.844209215237609,1.8122345911604592,8.486197813459796,2024-09-27
1.8804788218430493,2.1711722499842,1.8655817273326851,1.821888208097064,8.48899454003305,2024-09-30
1.8256785890310347,2.1571895308918045,1.8784053037279087,1.7811996892992208,8.178625268518157,2024-10-01
1.8302788243018064,2.152878060636709,1.86569459540814,1.7661266591292726,8.307946333062983,2024-10-02
1.821320131545988,2.120251775354426,1.86569459540814,1.763628662697764,8.587556959741628,2024-10-03
1.830440382031251,2.1732695778380955,1.8791927875744217,1.7615960874172711,8.732255742463712,2024-10-04
1.7891989530661727,2.106735069851812,1.8332983465345523,1.7339905492993313,8.927983288088154,2024-10-07
1.8221275476542496,2.1291074559596286,1.849046640701252,1.755880437427627,9.289381322505402,2024-10-08
1.8525539222205676,2.157655544481586,1.8206999877539045,1.7675237100969576,9.272604171547608,2024-10-09
1.84851858019441,2.17490089210221,1.8231747888325638,1.760664720105481,9.423594252192126,2024-10-10
1.8364933950704867,2.2001865298958587,1.8362230643060284,1.762696901628655,9.422894803175335,2024-10-11
1.866758584446321,2.1852714280240613,1.855570692015262,1.774636936064045,9.651477736445532,2024-10-14
1.887339002631239,2.1870193790355605,1.861195082789083,1.7729429920778612,9.199208013022673,2024-10-15
1.8706324929226876,2.177697507040657,1.8578204483247902,1.7618500608880028,9.487205610939352,2024-10-16
1.8736186410548579,2.1851549690765957,1.8327357346117252,1.7643907143623994,9.5717886757573,2024-10-17
1.896620314127332,2.2021673988022887,1.838247775846426,1.7704876526892404,9.646585871303634,2024-10-18
1.9085649066560135,2.203099603781771,1.8455594838523937,1.773112701482335,10.04573062376158,2024-10-21
1.9035612116904181,2.210440429070325,1.8575955764011045,1.8100756197805787,10.037339374547908,2024-10-22
1.8624002511409283,2.1522955880994625,1.8310487630704686,1.797754559512871,9.755633609300618,2024-10-23
1.8608668807772224,2.1717549003213668,1.8303738016085211,1.7983050322447829,9.815051482428828,2024-10-24
1.8676464689701713,2.1886506932996745,1.85905784886412,1.8127851951448106,9.894041094100269,2024-10-25
1.8837071202999056,2.1951759503561314,1.8753682364173123,1.8061803098765057,9.82273900465007,2024-10-28
1.8858859765034677,2.2236075799306234,1.908663972985644,1.8288743817025654,9.873769906540247,2024-10-29
1.8570738132554048,2.2457468703435897,1.9624323882634185,1.8313301148485055,9.740253217388585,2024-10-30
1.8232573341434781,2.171987818216298,1.924749661460595,1.720484016996662,9.280293832756666,2024-10-31
1.7990451578068798,2.3063387716105828,1.9267743730009927,1.737504964623526,9.464837145822866,2024-11-01
1.791781393144212,2.281286407311704,1.9037150622101047,1.7294178455542004,9.510273525072625,2024-11-04
1.8034034911122727,2.3246329609580734,1.9093389344475915,1.7421196691493466,9.780099351973563,2024-11-05
1.7975117874431736,2.413073841462392,1.9854922175906409,1.7790400616571422,10.178544655414719,2024-11-06
1.8359285018258722,2.447564714503559,2.0331863254017772,1.801268581079747,10.407128658178825,2024-11-07
1.833747162029236,2.425774800932989,2.006189941069214,1.789032441140496,10.319746727799805,2024-11-08
1.8116893785044241,2.410160767576479,2.0286871584736095,1.7698525221337515,10.154077843247864,2024-11-11
1.8116893785044241,2.434281104695795,2.0429724887955145,1.7911070172016788,10.365884695054175,2024-11-12
1.8188803738900325,2.4947565470153235,2.012151380460397,1.8002950817348284,10.224679414187362,2024-11-13
1.8439272858587035,2.4642274117870167,1.975030919889511,1.8074503084826055,10.258933165119743,2024-11-14
1.8179107791540576,2.36087160721082,1.9402729108581636,1.7571083040005973,9.924796530454785,2024-11-15
1.8423113360252965,2.350267975594118,1.971881330194349,1.7603259575587327,9.79687543343745,2024-11-18
1.844411959047037,2.3841761982981184,2.0036024447605447,1.7689208923170823,10.276408695600418,2024-11-19
1.850229403283232,2.3640177767915826,1.9795302596631235,1.75918274880934,10.19811746345186,2024-11-20
1.8463511485189865,2.31158244684516,1.8856046621947558,1.751588745155797,10.252641332450352,2024-11-21
1.8572584684004347,2.296900440668213,1.8533205900148437,1.769110289587504,9.922700322392231,2024-11-22
1.8814973433625755,2.3473549017082056,1.885829188427552,1.7767044244934866,9.508177317010071,2024-11-25
1.8991917022161935,2.4220461588149798,1.9023647935953198,1.8157349624736114,9.571090296234416,2024-11-26
1.8981412665256696,2.397343349158417,1.9036021941346497,1.7945227306912532,9.46064259070994,2024-11-27
1.9175324161672433,2.4223957134572953,1.9004526044394876,1.796516586502048,9.664060332290399,2024-11-29
1.935792413343398,2.455255272234348,1.929024129310521,1.8284199857564816,9.690624422013718,2024-12-02
1.9605158373142186,2.4870659892845337,1.9273366392329299,1.8293531906024267,9.804564025152603,2024-12-03
1.9634243731628358,2.5420648384745532,1.9614198596477745,1.8557414935950083,10.14568980251592,2024-12-04
1.963667020206137,2.5699138177118788,1.9419600552448653,1.877802272399734,10.140797937374021,2024-12-05
1.9620510703727303,2.64542064305075,1.9652447564957736,1.8818327723166515,9.95763961892058,2024-12-06
1.99364237427027,2.6344674567917323,1.974929459613413,1.8922266530129088,9.703873312564182,2024-12-09
2.0018834328074413,2.6222325109109166,2.085291967500567,1.8808143846373704,9.442420553480453,2024-12-10
1.9915417512485296,2.6830575078727605,2.2004972590601524,1.9048270184722018,9.738827582007263,2024-12-11
2.003418790045606,2.668026124853417,2.161757928053261,1.9072450821679607,9.601108851285309,2024-12-12
2.004792092835712,2.650431222590478,2.137658260530116,1.8975297765847183,9.385095679933068,2024-12-13
2.0283036475662177,2.714169115638314,2.214687005851082,1.9158572109959053,9.227802002186156,2024-12-16
2.048017912666681,2.6934280437946114,2.2007226495201726,1.9280332373177944,9.115251671635669,2024-12-17
2.0041456135586264,2.5695642630695628,2.1216669456680264,1.8556140474761036,9.011788830833915,2024-12-18
2.018204116331993,2.6018409937095295,2.1229055561254695,1.8540869253407208,9.13552499818351,2024-12-19
2.056178626967918,2.6208342923416525,2.155564184384265,1.8522627789343995,9.416553773786108,2024-12-20
2.062480744392447,2.6224656066057666,2.191826121630825,1.8465353162251863,9.763993843190914,2024-12-23
2.0861541052117047,2.6689583298328987,2.2084930893366415,1.8638443629570922,9.80244428822404,2024-12-24
2.0927785930172007,2.6456537387455996,2.2027496080513522,1.8586686855041876,9.782170961676199,2024-12-26
2.0650659164228675,2.6072011278915723,2.170766978327173,1.8265106565168239,9.578039867658127,2024-12-27
2.0376759827484623,2.578653039369615,2.1536495753922056,1.802328707034838,9.611596308561536,2024-12-30
2.0232942403365533,2.556397112209264,2.1318020840148164,1.7882014819450416,9.387891337012414,2024-12-31
1.9702114121350063,2.5660685388464834,2.133266257777725,1.7758132204282306,9.668919043121102,2025-01-02
1.9662523164162116,2.6123281663787656,2.159843146215756,1.7960501153315147,10.099550765767642,2025-01-03
1.9795030305423549,2.6521789958020565,2.2170518772268473,1.8151413076890528,10.446293525143476,2025-01-06
1.95696094636817,2.588091370311984,2.2015111704393537,1.7918921692956928,9.796851904571442,2025-01-07
1.9609199179073111,2.588324466006835,2.184168204198921,1.8011832669939714,9.794754627014978,2025-01-08
1.913654285582652,2.5511536147746057,2.162658625666118,1.777383130858941,9.501143255567511,2025-01-10
1.8938591795276396,2.5455605626976316,2.151059313556419,1.7699163108194236,9.313789312507234,2025-01-13
1.8848099598042847,2.537403813577141,2.1358563467680662,1.7634677472067475,9.211024851228363,2025-01-14
1.921895344119823,2.6025402807940807,2.202186477592191,1.8086076924954801,9.524213308688607,2025-01-15
1.844250277137939,2.5711955773336763,2.1724563697046566,1.801268056069988,9.337558814645119,2025-01-16
1.8581473463615144,2.632719683580152,2.2072543060337533,1.820147013232604,9.626976700473568,2025-01-17
1.7988431175103339,2.6883011831073373,2.2303404078685856,1.8178986589413186,9.845087149382273,2025-01-21
1.808457851376572,2.7384059117050943,2.2339440625472395,1.8929905422116988,10.281312325175321,2025-01-22
1.8070840518678515,2.743183395549971,2.2295520597948486,1.8951541074269673,10.291796573969817,2025-01-23
1.7999741457960996,2.736541679546049,2.2546654658517506,1.8839115484559024,9.970223284259358,2025-01-24
1.8571777516255394,2.743183395549971,2.1600685366757766,1.843608124316006,8.278458246991175,2025-01-27
1.9250464028320875,2.7749941126001567,2.1993715166781636,1.8972328835662184,9.017381214486512,2025-01-28
1.9339338164666906,2.7624097898769446,2.200609954290162,1.8765720432828497,8.647571075724358,2025-01-29
1.9196331633686379,2.7340946192499183,2.262097647132745,1.7605829498355756,8.71398290427352,2025-01-30
1.9067862814762793,2.7695175194706483,2.297571754841903,1.7608797116016348,8.393806373608824,2025-01-31
1.8422304950707475,2.7664879866372702,2.2661519098859952,1.7433160351367984,8.155420993911415,2025-02-03
1.8809317050400391,2.820554630847807,2.3241486432799343,1.749467574478536,8.294536483679131,2025-02-04
1.8782655678754159,2.751922617207708,2.1546631410805186,1.753370759528988,8.726565500118387,2025-02-05
1.8843254107956047,2.7829177660257964,2.1577036653000112,1.7641041902866321,8.995708989905088,2025-02-06
1.8391601531333786,2.670123452707311,2.0872064036471816,1.738352330373936,9.07680229609645,2025-02-07
1.8413441007027418,2.7166161759344436,2.0999321495206478,1.7488311313986502,9.337558814645115,2025-02-10
1.8815439107327074,2.7121882467318827,2.0869815317234957,1.7455221261425151,9.283730116687774,2025-02-11
1.9159200675437937,2.667559933463715,2.067724475027338,1.7353403493887398,9.167682541053333,2025-02-12
1.9536123178268923,2.6843392674945576,2.0962159724574287,1.7417039926729592,9.457798806404664,2025-02-13
1.9784441506353803,2.6646468595778026,2.0859679660351835,1.7327521825311882,9.706670039137435,2025-02-14
1.9773924731483195,2.6409927138481875,2.0695262159439425,1.7378857279509636,9.745118345182744,2025-02-18
1.9806280982047437,2.6407597959532567,2.0864185741097794,1.7596494824847508,9.733236267848575,2025-02-19
1.9883930519496853,2.5970636876645714,2.07842274383329,1.7689593492819,9.794754627014976,2025-02-20
1.9861281392461192,2.5236541901795957,2.0232413170442682,1.7352913922287483,9.397679345271847,2025-02-21
1.9986651929025332,2.4785598633216464,2.0186240966773017,1.7173947283245081,9.107563079920515,2025-02-24
1.9981798988159312,2.4796085272485944,1.9754925900725746,1.6914638400841229,8.852399479771403,2025-02-25
1.9441488347788431,2.497669620901235,1.9451993517258794,1.6992431721824584,9.17747054931277,2025-02-26
1.919397967104558,2.4323002357893646,1.8975629742933067,1.6686360220220549,8.399398757261425,2025-02-27
1.9561198775737596,2.4735492837819195,1.9176082062177566,1.6875953056777395,8.732857867534737,2025-02-28
1.9253024612779865,2.3889536821429953,1.8807833113574801,1.6514621653029928,7.973661573491559,2025-03-03
1.9083167957079505,2.3747378673557495,1.924815861265954,1.651972212283491,8.108583042893304,2025-03-04
1.9067799483139414,2.427872306586804,1.9484649207145028,1.7047268991112323,8.200162202120026,2025-03-05
1.9034637306622755,2.3386156800504687,1.9409196985126091,1.687170441530577,7.729683275394597,2025-03-06
1.9337146393779363,2.321719887072161,1.9579244062175665,1.6719518524050516,7.877888393898867,2025-03-07
1.8399690593974847,2.266837496829607,1.8700966231963299,1.6160515696085453,7.478715299852319,2025-03-10
1.7862614833582469,2.2907247382540725,1.8494642352958912,1.617284423774222,7.603149846724794,2025-03-11
1.7550398622897283,2.3175250535644505,1.8840768813081612,1.6292721028452068,8.091850810679707,2025-03-12
1.6959940512978668,2.259263575846203,1.8350330234185745,1.6101425847752897,8.080663904386691,2025-03-13
1.726811095054679,2.3065718673054327,1.8658123031560503,1.6517595833312504,8.506440124684255,2025-03-14
1.730936467329758,2.2808203937219225,1.8522828259642599,1.6523548131450845,8.3568243437134,2025-03-17
1.7203402174807916,2.2467957120704565,1.8114691767743127,1.6303348538490912,8.070176981857422,2025-03-18
1.7409660854189584,2.2784897923732568,1.8477729426185145,1.6486139873624852,8.216296587238233,2025-03-19
1.7317451252345566,2.2716149806744843,1.835484150029505,1.644448166180284,8.286909922610734,2025-03-20
1.7654743060499425,2.2862969868514313,1.8489005863003953,1.6632374779266161,8.22888132207092,2025-03-21
1.785371860319245,2.3684455281942243,1.8905032749458583,1.670974021729624,8.488263006198968,2025-03-24
1.8097991158160263,2.396993794516101,1.9229740202061554,1.679816367336723,8.43792460161517,2025-03-25
1.7918424895338247,2.343626259590196,1.8609641612748293,1.6577536197454021,7.953420331761004,2025-03-26
1.8106078979004785,2.346306237781258,1.8291702787763726,1.660346642943221,7.79052036694067,2025-03-27
1.762481328036819,2.245630411396123,1.7399889430769002,1.6102700308941946,7.667471884174862,2025-03-28
1.7966956787591535,2.216965686126781,1.743484050816219,1.5957745114587272,7.577282532283492,2025-03-31
1.8052694145885475,2.239221613287132,1.7708810908898303,1.6246808925060847,7.701030998813045,2025-04-01
1.8109313858983287,2.283966385502765,1.7705428323543548,1.6244685260587235,7.719907031568167,2025-04-02
1.6434998346547878,2.078886090614486,1.6992883348078527,1.5860821750524243,7.117249352571819,2025-04-03
1.5237094350086504,1.9925425379640624,1.6415631416076961,1.5296715827705405,6.593592514932961,2025-04-04
1.4677369462658465,2.0421812529720382,1.6545287969585463,1.5212546263203626,6.826405831362052,2025-04-07
1.3946168616846009,1.9885808001512024,1.63141590407977,1.5072264968225055,6.732721908121502,2025-04-08
1.6083956125341445,2.226753749511385,1.789371232347407,1.6599641733340673,7.993271813815531,2025-04-09
1.5402098064920844,2.1116290126441535,1.72296504952757,1.6211100386328385,7.520652829777261,2025-04-10
1.6027336412243636,2.1541598202585064,1.7716703031907917,1.65129219339364,7.755564493256724,2025-04-11
1.6380803862086541,2.1221160075134704,1.7934301619276665,1.6485714615720373,7.7401830318507825,2025-04-14
1.6350068156002893,2.092635714012031,1.7623126236547155,1.6397295097222573,7.844354412367557,2025-04-15
1.5713504624264003,2.0313447034604057,1.7287147532488718,1.5797058002815583,7.305317717563621,2025-04-16
1.5932701581763142,2.011302740901335,1.7042489990736387,1.563424328899709,7.095574454255624,2025-04-17
1.562372273464953,1.949662175707394,1.6649012521010482,1.5266109071302318,6.7753690472553725,2025-04-21
1.615594679597242,2.017944456905257,1.7077441068129577,1.5593436905508435,6.913797921933213,2025-04-22
1.6549043698695916,2.1044046463030655,1.751489214746728,1.5915233761907503,7.180870336764232,2025-04-23
1.6853980498082068,2.1736191324804106,1.7957977988305491,1.6464034337738205,7.4409504004151605,2025-04-24
1.6927585504210954,2.202167398802288,1.8260136024179736,1.6657454495435384,7.761156876909321,2025-04-25
1.6997148462612381,2.187135837983025,1.8107930053942511,1.662812482527014,7.601753622425987,2025-04-28
1.708369547224835,2.183523654812481,1.8057191273621207,1.6750551850882478,7.622028018467737,2025-04-29
1.7188036184460886,2.1489163228238484,1.7903863536447224,1.6802412314838853,7.615036202034602,2025-04-30
1.7254363021087276,2.2162665768421492,1.81857243317385,1.8083655317443161,7.803105101773357,2025-05-01
1.660970918491079,2.213703057598553,1.849351367220436,1.8503652624143097,8.005157634378383,2025-05-02
1.6087194730709553,2.1714053456790507,1.8513810912787332,1.854148613987357,7.957615421620885,2025-05-05
1.6056456541032833,2.1557911345226213,1.8403319462198355,1.8419909630070195,7.938039939848972,2025-05-06
1.587365788182539,2.1989047702740603,1.7067295040519765,1.8421609349163726,8.184136905380585,2025-05-07
1.5973954062717395,2.2381729493601847,1.7394252940814043,1.8626506220184313,8.205810199455916,2025-05-08
1.6058073360123817,2.2495921492089836,1.7221754915357192,1.8650312787688887,8.155472864366029,2025-05-09
1.7072079707442633,2.431134935115033,1.7865528145244836,1.9097941357984938,8.599426737895834,2025-05-12
1.7245400975480814,2.4629456521652187,1.7986162166534727,1.9092840888179956,9.083930473003047,2025-05-13
1.7196805751604147,2.4498951380523053,1.8644592690141484,1.9254375890711817,9.46216448054311,2025-05-14
1.7125534081168008,2.3907014553545753,1.8485625006103648,1.9297817823188734,9.426508623095419,2025-05-15
1.7110145738483327,2.395595398146918,1.873704253320214,1.9346366788092622,9.466360105149946,2025-05-16
1.6909288874036967,2.402237291950759,1.8776504876704632,1.954227024194807,9.47824646045975,2025-05-19
1.6753786144506089,2.3778840369365124,1.84878771822494,1.9512458875329293,9.395048390254562,2025-05-20
1.636745827470498,2.3435096228428107,1.9004249491683194,1.9273966629854682,9.214669686471822,2025-05-21
1.630833634158541,2.366581296035179,1.9264687822545845,1.9371492442615728,9.286679780890086,2025-05-22
1.5815102207926628,2.341994945326082,1.8994101735618933,1.9172182987951238,9.17901275953022,2025-05-23
1.6215197875931826,2.400605977686645,1.949356111827896,1.961978005766177,9.473351386836123,2025-05-27
1.623220427950403,2.385457957919917,1.943267803880229,1.947796310913924,9.425109725061834,2025-05-28
1.619413824846334,2.3968771577687162,1.9376306225434923,1.9534178529043358,9.731333638183635,2025-05-29
1.626703046338007,2.388837045395611,1.936277588401591,1.9605725546423545,9.447483537647866,2025-05-30
1.6335873179790126,2.407946802975199,1.905723699124136,1.9674293133423568,9.604790049321693,2025-06-02
1.646302941977426,2.3969937945161015,1.8735917309356487,1.9716880612518335,9.87325975794543,2025-06-03
1.6426582691417626,2.414705155726507,1.8946750726015726,1.9755208949946308,9.922199799242602,2025-06-04
1.6249211924872768,2.422628809152147,1.896478887663515,1.9917467153420665,9.787266030660897,2025-06-05
1.6515672900361071,2.4885808446011843,1.9581501423684764,2.003245610327777,9.908216166376333,2025-06-06
1.631562568725674,2.5283150372770904,1.9877250350465794,2.013338922937225,9.971840359050473,2025-06-09
1.6414434195897596,2.5356560403655637,2.0160583788946775,2.005545284322967,10.064825368021188,2025-06-10
1.6099379238329163,2.4842693743460886,2.001948141008356,2.012785300146761,9.98651488498226,2025-06-11
1.6133394529066643,2.4847355657357895,1.9833226615675008,2.0394027698989796,10.138238638448673,2025-06-12
1.5910669627606302,2.4714519559280257,1.9716958670320788,2.022750772879985,9.926384728910346,2025-06-13
1.6070223097440393,2.5180611381026234,1.9954012740956326,2.040552541270355,10.116563205385525,2025-06-16
1.5845068000157432,2.5031462140307457,1.98614488199021,2.035867879194199,10.076708514849269,2025-06-17
1.5921198820442275,2.4763458987203677,1.956457294082097,2.045237072094072,10.171799357327721,2025-06-18
1.6279178958900105,2.4433698809958493,1.8810522588695908,2.0331422910323287,10.05783087785328,2025-06-20
1.6319675185763418,2.4291540662086035,1.8646846594741695,2.0697678905606596,10.080205759933222,2025-06-23
1.6222484738010081,2.47925897260628,1.882519889541395,2.0872711909032544,10.34100291925045,2025-06-24
1.6324533093815583,2.4701701963062273,1.9266564924076393,2.0964702806413347,10.78918289796351,2025-06-25
1.62791789589001,2.5299463515412035,1.9589402188966616,2.1185306656887413,10.838825596759198,2025-06-26
1.6285658653229398,2.6019576304569156,2.0152681295210475,2.1121000836602977,11.029703522251166,2025-06-27
1.6616910363028004,2.5563971122092655,1.9893055337938388,2.1183605625269486,11.04648602067851,2025-06-30
1.6831537509271526,2.568865153784932,1.9849031603147598,2.095533269474639,10.718566354109278,2025-07-01
1.7205716883552602,2.5625728146234064,2.016509851196497,2.091445018484274,10.994744974832447,2025-07-02
1.7295615502041537,2.603239390078714,2.0265564926755495,2.124450544474488,11.140876344646262,2025-07-03
1.700404788417114,2.6039384993633456,1.995626837401097,2.119680699564996,11.063964759640914,2025-07-07
1.7008908275816383,2.5560475575669495,1.9681967838475285,2.1149960374888397,11.187021798357998,2025-07-08
1.7100427438785912,2.5931017720517935,1.9937077344274723,2.1443390954029287,11.388388250620102,2025-07-09
1.7203287929526518,2.5898391435235655,2.0049957518910846,2.1356937597077517,11.47369001534521,2025-07-10
1.7102047983266504,2.621999593015987,2.034006477037357,2.1435299241124572,11.531023444843871,2025-07-11
1.6896330727174902,2.629806609694242,2.0494711318291383,2.1422521816124185,11.471592737788747,2025-07-14
1.693601606089965,2.6374971674250314,2.0544378456854924,2.1541767282599293,11.93515417790775,2025-07-15
1.7021055529539877,2.600675870835118,2.0653872589227396,2.1533250311790098,11.982000150130185,2025-07-16
1.700971792715841,2.6087159832082234,2.0722732485981625,2.1792185124740935,12.095967560110717,2025-07-17
1.7103668527747096,2.634933648181435,2.0889794522199487,2.1721912568549797,12.054715041034788,2025-07-18
1.7208954247124177,2.6718714037188134,2.14587170322161,2.172234176402747,11.982700668640886,2025-07-21
1.7364458218451593,2.6505476815379443,2.1598689001870315,2.1518343972218514,11.67855157370345,2025-07-22
1.7344209484121667,2.6601024714277783,2.1473389882025247,2.154389750969489,11.940747631054258,2025-07-23
1.7312623147410275,2.7060125443177445,2.169238160367909,2.1757262788122,12.147708605956778,2025-07-24
1.7322343930700759,2.696807309070226,2.1806390459069767,2.1877789278408137,12.130927177023343,2025-07-25
1.7336111728904848,2.712537801374201,2.173866269997898,2.1826254320502105,12.358164686955432,2025-07-28
1.7110956631621888,2.6917967295304983,2.2096494253623593,2.1829235063406665,12.271462954702832,2025-07-29
1.693115566925441,2.682241939640664,2.218454518011407,2.1857769343787603,12.53436060005825,2025-07-30
1.681129001673814,2.7279189168357796,2.16619020379429,2.2720600569163003,12.436471961512634,2025-07-31
1.6390946856199555,2.5023304679987284,2.1349224628298074,2.2320698010974205,12.146308638429286,2025-08-01
1.6469510355900094,2.466208280693447,2.2016349277778318,2.2811739638210446,12.585398988405792,2025-08-04
1.6434681688430979,2.490678172455079,2.197458290449663,2.2475717642401603,12.463740847722292,2025-08-05
1.7271317269204935,2.590421793860732,2.2134872856187195,2.2356046918022012,12.544845918346656,2025-08-06
1.7820435972411712,2.599976761550486,2.218341477090508,2.2181439172500546,12.639238381302228,2025-08-07
1.8575274415303162,2.594849723063293,2.273653056499465,2.223254099735571,12.774180705835207,2025-08-08
1.8420403760209543,2.5786530393696174,2.268912251639466,2.2221045908690753,12.729433080663144,2025-08-11
1.8620676980283584,2.5806339082760474,2.2953264925139396,2.2539175571925867,12.806343596174582,2025-08-12
1.891906330293784,2.616639458833944,2.2797489696467035,2.217036671669127,12.696571810800886,2025-08-13
1.8874467905706376,2.691447174888183,2.2908110781139612,2.2251281220689614,12.726636354089889,2025-08-14
1.8777979072996362,2.692029825225349,2.3016476232757537,2.215289964202202,12.616864568716194,2025-08-15
1.872122152048296,2.697389959407393,2.2971325545666645,2.2022153836784364,12.725935835579188,2025-08-18
